0,0.6588693,0.0176123038302773
0.30303,0.6760821,0.0168203302194101
0.60606,0.69990985,0.0161884972349968
0.90909,0.7171764,0.0156800669239643
1.21212,0.73437845,0.0164193224813784
1.51515,0.74812985,0.0172815186348741
1.81818,0.7607882,0.0181148235972642
2.12121,0.77143285,0.0183020036369655
2.42424,0.78082385,0.0180753648767459
2.72727,0.78879355,0.0179164080816301
3.0303,0.79555165,0.0183473985874701
3.33333,0.8011197,0.0189428964392988
3.63636,0.8059061,0.0191223173357729
3.93939,0.81005885,0.0189662369759396
4.24242,0.81357115,0.0185735910643984
4.54545,0.81666065,0.0184105026283233
4.84848,0.81947545,0.0188168125714081
5.15152,0.8220964,0.0196068762106563
5.45455,0.82453645,0.0204304246663524
5.75758,0.8268612,0.0210842532986113
6.06061,0.82906915,0.0215722831065119
6.36364,0.8310139,0.0219401111799827
6.66667,0.8328932,0.0219538756569313
6.9697,0.8349865,0.0219444832737069
7.27273,0.83726045,0.0221786328354004
7.57576,0.8396579,0.0226228397087987
7.87879,0.84236535,0.0234383504544902
8.18182,0.84547825,0.0242490274173522
8.48485,0.84895745,0.0242847104583831
8.78788,0.85265825,0.0230912127049988
9.09091,0.85641465,0.0209174244023374
9.39394,0.8599314,0.0190756677534497
9.69697,0.8628024,0.0187132753584187
10,0.8651662,0.0188985666324195
10.303,0.86731625,0.0191219263775254
10.6061,0.8691352,0.0191639074110683
10.9091,0.8705832,0.0188972150636013
11.2121,0.87176715,0.0188452805903096
11.5152,0.87284175,0.0196888653504335
11.8182,0.87388195,0.0212358474106286
12.1212,0.87482775,0.0228954687850566
12.4242,0.87577595,0.0241410017407625
12.7273,0.876692,0.025108919570543
13.0303,0.8773024,0.0263810027792728
13.3333,0.87788225,0.0271299546587808
13.6364,0.87877855,0.0272837103955364
13.9394,0.87977505,0.0271463716184594
14.2424,0.88084075,0.0267006416718306
14.5455,0.8820953,0.0262387502105188
14.8485,0.8836891,0.026223624920861
15.1515,0.88573405,0.026738630736212
15.4545,0.88801005,0.0272798286641888
15.7576,0.89068565,0.0276207183474199
16.0606,0.8936807,0.0275736238117154
16.3636,0.89648315,0.0276238712769861
16.6667,0.8993218,0.0277615676999697
16.9697,0.9024098,0.0280056812175673
17.2727,0.9055533,0.0284256752815127
17.5758,0.90870785,0.0288156516068525
17.8788,0.91202595,0.0291551712591009
18.1818,0.9156103,0.0296584382749665
18.4848,0.9194889,0.0304275741045848
18.7879,0.92361835,0.0312617589320803
19.0909,0.9281567,0.0319273537411105
19.3939,0.9333069,0.0316547414788054
19.697,0.9382747,0.0317929756819018
20,0.94228375,0.0306428817196996
20.1018,0.9437382,0.0320039665972829
20.1976,0.94521755,0.0335439513764777
20.2032,0.9452917,0.0336367482793745
20.2092,0.9453624,0.0336713652951584
20.3047,0.9461286,0.0342200621893064
20.3935,0.94699345,0.035082243817172
20.4054,0.94707565,0.0352081860087608
20.4181,0.9471987,0.035301323690621
20.506,0.94770125,0.0359232657213609
20.587,0.94836805,0.0367179588573153
20.6055,0.94846075,0.0369354808116464
20.6254,0.94860795,0.0371168178464628
20.7045,0.94893095,0.0378019780613065
20.7761,0.949486,0.0385680802050089
20.8017,0.9496081,0.0388762504466416
20.8295,0.9498492,0.0391366358819968
20.8979,0.95019065,0.0397226002173511
20.9597,0.9507143,0.0403365994328972
20.9915,0.9508457,0.0406849216972332
21.025,0.9510825,0.0409650941625916
21.083,0.95124235,0.0413949304580585
21.1414,0.95164825,0.0417720277097904
21.1719,0.9517642,0.0420504408497699
21.1972,0.95195295,0.0422309414108601
21.2593,0.95224055,0.0426334960734808
21.3354,0.952711,0.0432915037900048
21.3434,0.952741,0.0433830860232418
21.3496,0.9527979,0.0434352920536975
21.4257,0.95312465,0.0440931084799824
21.4834,0.95372995,0.0447853782985865
21.4936,0.9538043,0.0448951191702394
21.5636,0.95431415,0.0454462470983854
21.5804,0.9543728,0.0455511959641018
21.653,0.95432775,0.0460945681201972
21.6982,0.9545084,0.0464445999384213
21.7415,0.9543993,0.0468073490042963
21.8239,0.95429575,0.0472359672896354
21.828,0.9542862,0.0472691744106029
21.8369,0.95427635,0.0472578089169134
21.9126,0.95396945,0.0471789817211807
21.9488,0.95400105,0.047008532469622
21.9935,0.95398735,0.0470798169030796
22.0595,0.95423695,0.0470412176824484
22.062,0.95424455,0.0470571807341611
22.1353,0.9542684,0.0468576520073296
22.1526,0.95432145,0.0470045750586845
22.2176,0.95460075,0.047010345025191
22.2398,0.95464295,0.0470637831750434
22.246,0.9546765,0.0470142501881079
22.3254,0.955216,0.0471696994457247
22.3463,0.95534745,0.0470681016140177
22.4103,0.95581425,0.0473797742975576
22.4492,0.956054,0.0473739873084375
22.4945,0.95635605,0.0477414044027561
22.5569,0.95686795,0.0479987173198149
22.5785,0.956939,0.0482300984147866
22.6623,0.9578969,0.0487010017267612
22.6671,0.9579439,0.0487614847752814
22.7209,0.9585908,0.0489722210958417
22.7586,0.95900655,0.0493334605723894
22.7616,0.95903945,0.049336450182877
22.8494,0.95996175,0.0501095712393102
22.8589,0.9600528,0.0501642328114365
22.9405,0.96088795,0.0511669006619269
22.9547,0.9610417,0.0512909515344568
23.0306,0.96197225,0.0523031867708603
23.0495,0.96224535,0.0525391162623383
23.1197,0.9632563,0.0536492370058513
23.1431,0.96365095,0.0540816243131389
23.2074,0.964656,0.0553743799784702
23.2358,0.9651665,0.0559921833513393
23.2937,0.96609815,0.0572341333421543
23.3287,0.9667688,0.0579105870481383
23.3787,0.967627,0.0586879815984499
23.4256,0.96860175,0.059341209878865
23.4629,0.969171,0.059756052399736
23.5263,0.9703277,0.060572559028078
23.5547,0.97079955,0.0609425508191731
23.6179,0.97176025,0.0616909926746806
23.6475,0.97217445,0.0619841963096038
23.7082,0.9730906,0.0621903526540894
23.7373,0.9734791,0.0623306469458644
23.8048,0.97440365,0.0620978761990094
23.8247,0.97459885,0.0622029689012309
23.8474,0.974849,0.0620187254480451
23.9058,0.9752367,0.0619986602638315
23.9507,0.97547095,0.0618278119898117
23.9839,0.97550655,0.0616640577471796
24.0412,0.97559515,0.0610987867811424
24.0613,0.975568,0.0608785573128996
24.1272,0.97554955,0.0599768615905126
24.1379,0.9755197,0.0598302370988951
24.2103,0.975282,0.0586046926926505
24.214,0.97526095,0.0585409459732886
24.2694,0.9748652,0.0571444397597877
24.2895,0.97469015,0.0568385117805481
24.2908,0.97467755,0.0568047905888887
24.3647,0.97370515,0.0548706813783782
24.369,0.9736405,0.0547481117578497
24.4392,0.972483,0.0528657479460945
24.4451,0.9723751,0.0526864400884136
24.5129,0.97109065,0.0504769558692628
24.5191,0.97096525,0.0502497258966405
24.5871,0.96960025,0.0476014266465565
24.591,0.96950905,0.0474390850738871
24.648,0.9682359,0.0450490935412689
24.6614,0.96791435,0.0446440703422918
24.6623,0.96789115,0.0446071105108535
24.7318,0.9659587,0.0420344340750533
24.7368,0.96581725,0.0418511677039901
24.8027,0.9635758,0.0393084314143925
24.8101,0.96330805,0.0389867006022246
24.8722,0.9607822,0.0361737299425978
24.882,0.96037585,0.0357060503140224
24.9399,0.9577796,0.033125025576443
24.9526,0.95723145,0.0325901708931926
25.0057,0.9546886,0.0304455542787449
25.0226,0.95395025,0.0297841107486442
25.0702,0.951523,0.0277357966984906
25.0934,0.95038995,0.0266639884009782
25.1345,0.94813485,0.0246993057154953
25.1652,0.9465356,0.0233105974642436
25.2006,0.94461785,0.0220639526496841
25.2384,0.9427294,0.0213120085806101
25.2699,0.9410952,0.0211311561908003
25.3099,0.93909185,0.0214015844653498
25.3421,0.93770835,0.0218822001505219
25.3663,0.9363939,0.0220990135501565
25.4001,0.93434665,0.0224731331288608
25.4363,0.93211535,0.0226771034995102
25.4593,0.930543,0.0230726509898624
25.5156,0.9269358,0.0244667542894435
25.5179,0.9267766,0.0245696937494141
25.519,0.92670915,0.0246098717068476
25.5759,0.92278695,0.0277006476918411
25.6076,0.920771,0.0297695582449589
25.6333,0.9189309,0.031684671738713
25.6796,0.915621,0.03467994313865
25.6901,0.9148052,0.0354900139780192
25.696,0.91433525,0.0357558731509594
25.7466,0.90985985,0.038531931875102
25.7836,0.90662325,0.0404289959990042
25.8023,0.904901,0.0416902287664628
25.8351,0.9021275,0.0439604287951107
25.8576,0.9000808,0.0459164433113019
25.8704,0.8990145,0.0469624145807049
25.9123,0.89525505,0.0507720496971267
25.9563,0.89142615,0.0544393861806643
25.9664,0.890474,0.0553165354681582
25.9836,0.8887836,0.0562290808962764
26.0201,0.88500405,0.0587264408673597
26.0414,0.88277165,0.0598660009214537
26.0731,0.87932885,0.0620686590698357
26.1249,0.8739521,0.0663845643390841
26.125,0.8739452,0.0663918962228072
26.1251,0.87393345,0.0663995869697056
26.1763,0.86840205,0.0712770237962241
26.2087,0.86493815,0.0741166806449635
26.2259,0.8629996,0.075739221223485
26.2488,0.86031365,0.0771043798647489
26.2739,0.85720435,0.078944611490763
26.2987,0.85403535,0.0802861225749974
26.3211,0.8510786,0.0818985561645625
26.3388,0.84877065,0.0831521140815283
26.3692,0.8447057,0.085892179249976
26.4119,0.8391485,0.0902542327248423
26.4182,0.83831215,0.0909982062011527
26.4225,0.83773525,0.0913759656243779
26.4676,0.8314589,0.0957854307965987
26.5025,0.82640735,0.0982954048886697
26.5167,0.82425475,0.0993855579734174
26.5416,0.82046665,0.100613206828068
26.5655,0.8167671,0.102376690544723
26.5798,0.81457305,0.103317124715352
26.614,0.80919245,0.10634009147423
26.6566,0.8024369,0.110781359609322
26.6621,0.8015441,0.111434336521963
26.6717,0.7999174,0.112216597100607
26.7102,0.79327795,0.116209002752143
26.7317,0.78940315,0.117813823496768
26.758,0.78452635,0.120036258658072
26.8029,0.77628925,0.123280798228627
26.8056,0.7758024,0.123520480138882
26.8111,0.77481115,0.123827541709135
26.8528,0.76716435,0.127274518845398
26.8732,0.763329,0.128975050590802
26.8996,0.7582745,0.131660082164831
26.9428,0.74921295,0.135793376037079
26.9461,0.74850845,0.13617065353426
26.9527,0.7470164,0.136642816517152
26.9923,0.7380099,0.140594165217089
27.0128,0.7334284,0.142476345990273
27.0384,0.72768445,0.145408203289042
27.0846,0.71773535,0.150313168922512
27.0846,0.71773255,0.150314888694525
27.0846,0.71773075,0.150315340134623
27.1305,0.70724145,0.154219446819289
27.159,0.700188,0.156725502698827
27.1771,0.6956543,0.158834399946643
27.2078,0.6874363,0.162594634790051
27.2262,0.6824778,0.165450648699726
27.2344,0.6801307,0.1664579431151
27.2739,0.6687118,0.172482776793685
27.2784,0.66735815,0.172896733335906
27.3098,0.65778965,0.176003251971455
27.3418,0.64774315,0.178240300656803
27.3501,0.6451697,0.178973845544286
27.3622,0.64118865,0.179310926861771
27.3906,0.6318154,0.180763805851559
27.41,0.6250899,0.181699950577016
27.4314,0.61765815,0.183224297427299
27.4632,0.6060037,0.18614524918947
27.4721,0.6027685,0.187320439442817
27.4781,0.6005457,0.188031868809545
27.5127,0.58758695,0.193119853422551
27.5453,0.57540275,0.19898995066482
27.5531,0.57247645,0.200565559224029
27.5652,0.56801045,0.202542467408807
27.5933,0.55769685,0.207606407984743
27.6116,0.5506876,0.210292205824039
27.6333,0.54248735,0.213666187439023
27.6659,0.5292429,0.218220031568117
27.673,0.5263403,0.219324933379472
27.6778,0.52423635,0.21993237626786
27.7125,0.50916745,0.224867777243311
27.7446,0.4937861,0.230206532001136
27.7517,0.49043709,0.231512850825292
27.7613,0.485417575,0.233147234307761
27.7905,0.47009903,0.238450564517665
27.8124,0.4576454365,0.242646081286947
27.8291,0.44824029,0.245955495548658
27.8503,0.435186045,0.250014679414699
27.8672,0.424885305,0.253062526317247
27.8805,0.41602845,0.255398711321039
27.905,0.4000952,0.259208100750652
27.9349,0.37907178,0.264257204126774
27.9425,0.37381814,0.265402123092699
27.9487,0.36914566,0.26642437948452
27.9797,0.346025614,0.270701306981304
28.0166,0.31821467,0.277013829295025
28.086,0.266043755,0.288461983818774
28.1534,0.217267834,0.297345290788661
28.2188,0.1763337265,0.29998264738007
28.2824,0.13801905,0.295376018470897
28.344,0.1028545445,0.28272777039279
28.4039,0.068836315,0.262305844822915
28.4621,0.036902375,0.236298303691823
28.5185,0.008107965,0.207817924812537
28.5733,-0.01505209,0.180010853486733
28.6265,-0.03209185,0.154290175531608
28.6782,-0.043053325,0.130932668760439
28.7283,-0.0487649565,0.109672993887707
28.777,-0.049430928,0.0898551445110167
28.8243,-0.04643742945,0.071526318795213
28.8702,-0.0386674085,0.0529804056545583
28.9147,-0.0301705145,0.0367305510549373
28.958,-0.01489532625,0.017298523967685
29,0,0
